"id","full_name","date_of_birth","address","memid","provider_id"
1,"Member One","1968-05-10","South Dakota","123456A",1
2,"Member Two","1980-05-10","South Dakota","234567B",2
3,"Member Three","1979-05-10","South Dakota","345678C",3
4,"Member Four","1978-05-10","South Dakota","456789D",4
5,"Member Five","1977-05-10","South Dakota","654321E",5
6,"Member Six","1976-05-10","South Dakota","765432F",6
7,"Member Seven","1975-05-10","South Dakota","876543G",7
8,"Member Eight","1974-05-10","South Dakota","987654H",8
9,"Member Nine","1973-05-10","South Dakota","123789I",9
10,"Member Ten","1972-05-10","South Dakota","135268J",10
11,"Member Eleven","1971-05-10","South Dakota","125690K",1
12,"Member Tweleve","1970-05-10","South Dakota","347800L",2
13,"Member Thirteen","1960-05-10","South Dakota","123567M",3
14,"Member Fourteen","1961-05-10","South Dakota","125567N",4
15,"Member Fifteen","1962-05-10","South Dakota","789123O",5
16,"Member Sixteen","1963-05-10","South Dakota","793456P",6
17,"Member Seventeen","1964-05-10","South Dakota","784235Q",7
18,"Member Eighteen","1965-05-10","South Dakota","125678R",8
19,"Member Nineteen","1966-05-10","South Dakota","122324S",9
20,"Member Twenty","1967-05-10","South Dakota","222333T",10